Date,Day,Platform,Content Type,Image File,Post Time (EST),Boost Budget,Hashtags,Post Copy,Engagement Notes
2026-03-03,Day 1 - LAUNCH,LinkedIn Feed,Blog post + banner,the-age-of-ai-agents-banner.png,8:00 AM EST,"$50 — start boost at 8:20 AM, $17/day x 3 days",#AIAgents #EnterpriseAI #AIStrategy #VentureCapital #DigitalTransformation,"Every 7 months, the autonomous capability of frontier AI agents doubles.

That's not a prediction. It's 6 years of data from METR.

In early 2024, agents could handle 30-minute tasks.
By February 2026, Claude Opus 4.6 crossed 14.5 hours — a full working day.

Meanwhile:
— 78% of enterprises have deployed AI (McKinsey)
— Only 11% are running AI agents in production
— 95% of AI pilots fail to deliver ROI at scale

The 89% who haven't started building agent systems yet?

They won't just be behind.
They'll be behind something that compounds.

Here's what most miss:

First-mover advantages from adopting a new AI model last 6-8 weeks.
Everyone catches up to the model.

No one catches up to what the agents learned while running inside your organization.

The moat isn't the algorithm.
It's the accumulated institutional intelligence that only exists because you deployed early.

We're in active conversations with Fortune 1000 companies who've realized this.
They've spent millions on AI tools. Now they're building agent systems.

The age of AI agents is here.
The window to build compounding advantage is already closing.

Full analysis — why the next 18 months will decide the next 18 years:
[link in comments]","Post at 8:00 AM. Add blog URL as first comment immediately. 8:00-8:20: Comment on 5 posts from VCs/CIOs. 8:20: Start boost. Reply to every comment within 5 min with NEW data point. 9:00: Search 'AI agents' — comment on 3 posts."
2026-03-03,Day 1 - LAUNCH,Bluesky,6-post thread,N/A,8:30 AM EST,Organic,N/A,"[See bluesky-thread.md for full 6-post thread]","Post immediately after LinkedIn. Thread format: hook → problem → thesis → gap → signal → close with blog link."
2026-03-04,Day 2,LinkedIn Feed,Stat card — 7 MONTHS,stat-card-1-doubling.png,9:00 AM EST,Organic,#AIAgents #AgenticAI #EnterpriseStrategy #ArtificialIntelligence,"AI agent capability doubles every 7 months.

METR has tracked this for 6 consecutive years.

2020: Agents handled tasks under 2 minutes autonomously.
2022: Under 8 minutes.
2024: Under 30 minutes.
February 2026: 14.5 hours — a full working day.

If this curve holds for 24 more months:
Agents will independently execute week-long projects.

That's not science fiction.
That's arithmetic applied to 6 years of measured data.

The implication for organizations:

The gap between your first agent deployment and your competitor's will compound at the same rate as the underlying capability.

Start 12 months late. Fall 12 months behind.
Except it's not linear. It's doubling.

The companies who understand this are moving now.

Full analysis: [link in comments]

What's your timeline for production agent deployment?","Check Day 1 boosted post — reply to new comments first. Engage on 5 AI investor/VC posts. Reply to every comment with follow-up question."
2026-03-05,Day 3,LinkedIn Feed,Stat card — $52.6B,stat-card-2-market.png,8:30 AM EST,Organic,#AIAgents #AIInvestment #EnterpriseAI #VentureCapital #AIStrategy,"The AI agents market will reach $52.6 billion by 2030.

46.3% compound annual growth rate.

For context: that's faster growth than internet infrastructure in 1998.

But the dollar figure misses the actual story.

The companies capturing that value won't be the ones selling agent software.
They'll be the ones whose agent systems learned first.

AI models are a commodity.
The same models are available to every organization.

What is not a commodity:
— The 18 months of institutional knowledge agents accumulate in production
— The proprietary patterns they learn from your specific data
— The decision logic they develop from real operational feedback

McKinsey: First-mover advantage from a new AI model lasts 6-8 weeks.
First-mover advantage from 18 months of deployed agents lasts years.

The $52.6B market is the tool layer.

The real moat is what gets built on top of it — and it's only available to organizations who start now.","Best day for warm VC/PE tags (genuine relationships only). 30 min searching 'AI investment 2026' — comment on top 5 posts."
2026-03-06,Day 4,LinkedIn Feed,Stat card — 89%,stat-card-3-89percent.png,7:45 AM EST,Organic,#AIAgents #EnterpriseAI #DigitalTransformation #FutureOfWork #AIStrategy,"89% of organizations haven't started building AI agent systems.

I keep returning to this number.

Not because it's a market opportunity (it is).

Because of what it means for the 89%.

Gartner also found:
40% of enterprise applications will feature agents by 2026.
Up from less than 5% in 2025.

That means the gap between ""has agents"" and ""doesn't"" will go from marginal to decisive in 12 months.

The organizations in the 11% who deployed early aren't just ahead.
They're compounding while the 89% waits.

Every month of delay is not just a month behind.
It's a month of learning, pattern recognition, and institutional intelligence that accumulates on one side of the table only.

The language is always the same:
""We waited to see how it developed.""

In AI agents, ""waiting to see"" is the strategy that makes catching up impossible.

Not because the technology won't be available.
Because the institutional learning won't be purchasable.

The window is open. For now.

What is your organization's current position on agent deployment?","Friday executive planning mindset. Send 3-5 personalized DMs to Day 1 engaged users. Reply every closing-question answer with specific next step."
2026-03-09,Day 5,LinkedIn Feed,Stat card — $1M→$73M,stat-card-4-cognition.png,8:15 AM EST,Organic,#AIAgents #VentureCapital #AgenticAI #EnterpriseStrategy #AIInvestment,"Cognition AI went from $1M to $73M ARR.

In 9 months.

That's not a rounding error.
That's the demand signal for agentic AI becoming undeniable.

$6.7 billion in agentic AI funding in 2025.
Vertical AI alone captured $3.5B — 3x year-over-year.

Jensen Huang: ""The age of AI Agentics is here — a multi-trillion-dollar opportunity.""
Sam Altman: Agents will ""join the workforce and materially change the output of companies.""
Satya Nadella: ""You can think of agents as the new apps.""

Three CEOs building the infrastructure.
Same message. Same moment in time.

The venture capital isn't speculative anymore.
It's tracking adoption that's already happening in production environments.

If you're trying to time your entry into agent deployment:
The signal is here. It's loud. And it's 9 months old.

Full breakdown: purebrain.ai/blog/the-age-of-ai-agents/","Monday = highest executive engagement day. Check Day 1 analytics — if 1000+ impressions, re-engage via comment on Day 1 post. Share blog in relevant LinkedIn Groups."
2026-03-10,Day 6,LinkedIn Newsletter,Neural Feed edition (~950 words),N/A,10:00 AM EST,Organic — separate algorithm,N/A,"[Full text in the-age-of-ai-agents-linkedin-newsletter.md]","Newsletter reaches ALL subscribers independent of feed algorithm. After sending: comment on auto-generated post with genuine subscriber question."
2026-03-10,Day 6,LinkedIn Feed,Stat card — Window Closing,stat-card-5-window.png,8:00 AM EST,Organic,#AIAgents #EnterpriseAI #AIStrategy #CompetitiveAdvantage #AgenticAI,"The window to build compounding AI advantage is closing.

Not in years. In months.

Here's the timeline as I see it:

2026 Q1-Q2: The deployment window is open.
Agent systems started now will have 12-18 months to learn before the majority of enterprises begin.

2026 Q3-Q4: Early moats become visible.
Same underlying models on both sides of the table.
Measurably better performance on the early deployer's side.

2027 and beyond: The gap becomes structural.
Institutional learning can't be purchased.
It can only be accumulated.

We built an interactive analysis tool for investors and executives — it's live at purebrain.ai.

The question isn't whether to deploy.
It's whether you'll be the one compounding — or the one trying to catch up.","Campaign close — points to Investor Intelligence Page. Newsletter (10 AM) and feed post (8 AM) can co-exist same day — different algorithms."
